<examples name="Propedit Elements" xmlns:a="http://ajax.org/2005/aml">
    <example>
        <description>Properties editor</description>
        <source><![CDATA[
            <a:model id="mdlProps">
                <props>
                    <folder>
                        <group caption="General">
                            <prop 
                              caption  = "Title" 
                              editor   = "textbox"
                              value    = "[@caption]"
                              required = "true" />
                            <prop 
                              caption = "Priority" 
                              editor  = "dropdown" 
                              value   = "[@priority]">
                                <item value="1">1</item>
                                <item value="2">2</item>
                                <item value="3">3</item>
                                <item value="4">4</item>
                                <item value="5">5</item>
                            </prop>
                            <prop 
                              caption = "(Align)" 
                              editor  = "textbox" 
                              value   = "[@align]">
                                <prop 
                                  caption = "Position" 
                                  editor  = "dropdown" 
                                  value   = "[@align-template]">
                                    <item value="left">left</item> 
                                    <item value="top">top</item> 
                                    <item value="right">right</item> 
                                    <item value="bottom">bottom</item> 
                                </prop>
                            <prop 
                              caption = "Splitter" 
                              editor  = "checkbox" 
                              values  = "True|False"
                              value   = "[@splitter]" />
                            <prop 
                              caption = "Edge" 
                              editor  = "slider" 
                              value   = "[@edge]" />
                            <prop 
                              caption = "Some value" 
                              editor  = "spinner" 
                              value   = "[@some]" />
                        </prop>
                        <prop 
                          caption = "Date" 
                          editor  = "caldropdown" 
                          value   = "[@date]" />
                    </group>
                    <group caption="Advanced">
                        <prop 
                          caption = "Some value" 
                          editor  = "spinner" 
                          value   = "[@some]" />
                        <prop 
                          caption  = "Title"
                          editor   = "textbox"
                          value    = "[@caption]"
                          required = "true" />
                        <prop 
                          caption = "Priority"
                          editor  = "dropdown"
                          value   = "[@priority]">
                            <item value="1">1</item>
                            <item value="2">2</item>
                            <item value="3">3</item>
                            <item value="4">4</item>
                            <item value="5">5</item>
                        </prop>
                        <prop 
                          caption = "(Align)" 
                          editor  = "textbox" 
                          value   = "[@align]">
                            <prop 
                              caption = "Position" 
                              editor  = "dropdown" 
                              value   = "[@align-template]">
                                <item value="left">left</item>
                                <item value="top">top</item>
                                <item value="right">right</item>
                                <item value="bottom">bottom</item>
                            </prop>
                            <prop 
                              caption = "Splitter" 
                              editor  = "checkbox" 
                              values  = "True|False"
                              value   = "[@splitter]" />
                            <prop 
                              caption = "Edge" 
                              editor  = "slider" 
                              value   = "[@edge]" />
                            <prop 
                              caption = "Some value" 
                              editor  = "spinner" 
                              value   = "[@some]" />
                        </prop>
                        <prop 
                          caption = "Date" 
                          editor  = "caldropdown" 
                          value   = "[@date]" />
                    </group>
                </folder>
                <file>
                    <prop 
                      caption  = "Title"
                      type     = "textbox"
                      select   = "@caption"
                      required = "true" />
                    <prop 
                      caption  = "Priority" 
                      type     = "dropdown" 
                      select   = "@priority"
                      overview = "overview">
                        <item value="1">1</item>
                        <item value="2">2</item>
                        <item value="3">3</item>
                        <item value="4">4</item>
                        <item value="5">5</item>
                    </prop>
                </file>
            </props>
        </a:model>
        
        <a:model id="mdlData">
            <folder 
              caption  = "My Documents" 
              priority = "4" 
              align    = "left-splitter-3" />
        </a:model>
        
        <a:propedit 
          id         = "pe" 
          columns    = "35%,65%" 
          model      = "mdlData" 
          properties = "[mdlProps::folder]" 
          width      = "300" 
          height     = "500" />
        ]]></source>
    </example>
</examples>
