<examples name="Datagrid Elements" xmlns:a="http://ajax.org/2005/aml">
    <example>
        <description>This example shows a datagrid width several columns mixing percentage and fixed size columns.</description>
        <source><![CDATA[
            <a:datagrid 
              width    = "500" 
              id       = "dg1"
              disabled = "{btn1.value}"
              height   = "150"> 
                <a:each match="[news]"> 
                    <a:column 
                      type   = "icon" 
                      width  = "16" 
                      value  = "[@icon]" />
                    <a:column 
                      caption = "Name" 
                      value   = "[@name]"
                      width   = "100%" /> 
                    <a:column 
                      caption = "Article counter" 
                      width   = "180" 
                      value   = "[@count]" />
                </a:each> 
                <a:actions /> 
                <a:model>
                    <data>
                        <news name="Ajax" icon="note.png" count="54"></news>
                        <news name="Ajax.org Platform" icon="note_b.png" count="3237">
                        </news>
                        <news name="Android" icon="note.png" count="2"></news>
                        <news name="Apple" icon="note.png" count="11"></news>
                        <news name="Aptana" icon="note.png" count="30"></news>
                        <news name="Canvas" icon="note.png" count="115"></news>
                        <news name="Chrome" icon="note.png" count="9"></news>
                        <news name="ColdFusion" icon="note.png" count="10"></news>
                        <news name="CSS" icon="note.png" count="176"></news>
                        <news name="Dojo" icon="note.png" count="224"></news>
                        <news name="JavaScript" icon="note.png" count="1218"></news>
                        <news name="JSON" icon="note.png" count="59"></news>
                        <news name="Mac" icon="note.png" count="1"></news>
                        <news name="Mozilla" icon="note.png" count="11"></news>
                    </data>
                </a:model>
            </a:datagrid>
            <a:hbox margin="10 0" height="44">
                <a:button id="btn1"
                  state   = "true" 
                  caption = "{dg1.disabled ? 'Enable datagrid' : 'Disable datagrid'}"
                  width   = "150">
                </a:button>
            </a:hbox>
        ]]></source>
    </example>
    <seealso menu="elements" sub="a" name="action" display="Action" title="See action element" />
    <seealso menu="elements" sub="a" name="actiontracker" display="Actiontracker" title="See actiontracker element" />
    <seealso menu="elements" sub="b" name="bindings" display="Bindings" title="See bindings element" />
    <seealso menu="elements" sub="m" name="model" display="Model" title="See model element" />
    <seealso menu="elements" sub="s" name="spreadsheet" display="Spreadsheet" title="See spreadsheet element" />
</examples>
