<examples name="Text Elements" xmlns:a="http://ajax.org/2005/aml">
    <example>
        <description>Simple text.</description>
        <source><![CDATA[
            <a:text width="300">
                Lorem ipsum dolor sit amet, consectetur adipiscing elit. Curabitur congue, nunc sed convallis gravida, justo nunc egestas nisi, eu iaculis nunc ipsum vel orci. Morbi mauris urna, rutrum at imperdiet at, molestie eu risus. Curabitur eu tincidunt eros. Donec in massa ut dolor vulputate commodo. Cras pulvinar urna ut ipsum pulvinar mollis sit amet in dui. Nam lobortis ligula sed tortor dapibus eget tincidunt dui pretium. 
            </a:text>
        ]]></source>
    </example>
    <example>
        <description>Scrolled down.</description>
        <source><![CDATA[
            <a:text id="txtExample"
              width      = "300"
              height     = "100" 
              scrolldown = "true">
                Lorem ipsum dolor sit amet, consectetur adipiscing elit. Curabitur congue, nunc sed convallis gravida, justo nunc egestas nisi, eu iaculis nunc ipsum vel orci. Morbi mauris urna, rutrum at imperdiet at, molestie eu risus. Curabitur eu tincidunt eros. Donec in massa ut dolor vulputate commodo. Cras pulvinar urna ut ipsum pulvinar mollis sit amet in dui. Nam lobortis ligula sed tortor dapibus eget tincidunt dui pretium. Quisque semper sem dignissim quam ullamcorper et lobortis arcu eleifend. Pellentesque habitant morbi tristique senectus et netus et malesuada fames ac turpis egestas. Fusce ac commodo mi. Pellentesque sit amet magna sed velit volutpat volutpat. Nam lobortis sem sed tortor accumsan dictum. Donec scelerisque rhoncus cursus. Mauris dui dolor, vehicula quis lacinia quis, facilisis et eros. Nulla facilisi. Donec urna velit, adipiscing non sollicitudin at, sodales id lorem. Fusce fringilla, magna id pellentesque egestas, neque risus luctus mauris, vel porttitor libero tortor et augue. Integer euismod porttitor mi, at viverra nulla pharetra vel. Etiam odio elit, volutpat a porttitor eu, posuere nec augue. Phasellus placerat lacus ut augue tempor consectetur. 
            </a:text>
            <br />
            <a:button 
              onclick="txtExample.setValue(txtExample.getValue() + '&lt;br /&gt;A new line!')">
                Add a line
            </a:button>
        ]]></source>
    </example>

    <seealso menu="elements" sub="l" name="label" display="Label" title="See label element" />
    <seealso menu="elements" sub="t" name="textbox" display="Textbox" title="See textbox element" />
    <seealso menu="elements" sub="t" name="textarea" display="Textarea" title="See textarea element" />
</examples>
