<examples name="Dynloading Features" xmlns:a="http://ajax.org/2005/aml">
    <example>
        <description>This demo shows how to dynamically load markup into an element.</description>
        <source><![CDATA[
            <a:window id="winExample"
              title   = "Test" 
              icon    = "note.png"
              width   = "300" 
              height  = "200" 
              visible = "true" />
            
            <br />
            <a:button onclick="loadMarkup();">
                Load Contents
            </a:button>
            
            <a:script>//<!--
                function loadMarkup(){
                    winExample.replaceMarkup('demo/features/dynloading/testjml.xml');
                }
            //--></a:script>
        ]]></source>
        <xml>
            <caption>testjml.xml</caption>
            <source><![CDATA[
                <a:tab id="tabExample" anchors="10 10 10 10">
                    <a:page caption="General" id="General">
                        <a:table columns="60, *" padding="5">
                            <a:label>Height</a:label>
                            <a:slider id="sld1" skin="slider16" min="0" max="1" height="16"/>
                            <a:label>Width</a:label>
                            <a:textbox value="{sld1.value}" realtime="true" />
                            <a:button height="24" width="120">Click me</a:button>
                        </a:table>
                
                        <a:dropdown>
                            <a:item value="0">General</a:item>
                            <a:item value="1">Advanced</a:item>
                            <a:item value="2">Ajax.org</a:item>
                        </a:dropdown>
                    </a:page>
                    <a:page caption="Advanced" id="Advanced">
                        <a:list anchors="5 5 5 5">
                            <a:item icon="nl.png">The Netherlands</a:item>
                            <a:item icon="us.png">United States of America</a:item>
                            <a:item icon="pl.png">Poland</a:item>
                        </a:list>
                    </a:page>
                    <a:page caption="Ajax.org" id="Ajax.org">
                    </a:page>
                </a:tab>
            ]]></source>
        </xml>
    </example>

    <seealso menu="elements" sub="l" name="list" display="List" title="See list element" />
    <seealso menu="elements" sub="t" name="tree" display="Tree" title="See tree element" />
</examples>
