<?xml version="1.0" encoding="UTF-8" ?>
<data>
    <picture name="img13" title="Landscape"></picture>
    <picture name="img14" title="Flower"></picture>
    <picture name="img15" title="Trees"></picture>
    <picture name="img16" title="Sunflower"></picture>
    <picture name="img17" title="City"></picture>
    <picture name="img18" title="Meeting"></picture>
    <picture name="img19" title="Call center"></picture>
    <picture name="img21" title="The country"></picture>
    <picture name="img22" title="River"></picture>
    <picture name="img24" title="Wool"></picture>
    <picture name="img25" title="Fabric"></picture>
    <picture name="img26" title="Ocean"></picture>
    <picture name="img27" title="Beach"></picture>
    <picture name="img1" title="Phone"></picture>
    <picture name="img2" title="Lemon... ?"></picture>
    <picture name="img3" title="Mainboard"></picture>
    <picture name="img4" title="Sky"></picture>
    <picture name="img5" title="Beach"></picture>
    <picture name="img6" title="Cogwheel"></picture>
    <picture name="img7" title="Antenna"></picture>
    <picture name="img8" title="Beach"></picture>
    <picture name="img9" title="Cosmodrome"></picture>
    <picture name="img10" title="Outer space"></picture>
    <picture name="img11" title="Planet Earth"></picture>
    <picture name="img12" title="Hands"></picture>
</data>